{
    "class_0": {
        "count": 50,
        "mean": [
            4.331982,
            6.222042
        ],
        "var": [
            4.02297883742449,
            1.9716766735061206
        ]
    },
    "class_1": {
        "count": 50,
        "mean": [
            5.956478000000001,
            3.511296
        ],
        "var": [
            3.5742741801183704,
            2.079407631820408
        ]
    },
    "total": {
        "count": 100
    }
}